﻿[
  {
    "n": {
      "identity": 0,
      "labels": [],
      "properties": {

      },
      "elementId": "4:85681329-f93a-4491-a67a-fd25c0ab48ef:0"
    }
  },
  {
    "n": {
      "identity": 1,
      "labels": [],
      "properties": {

      },
      "elementId": "4:85681329-f93a-4491-a67a-fd25c0ab48ef:1"
    }
  },
  {
    "n": {
      "identity": 2,
      "labels": [],
      "properties": {

      },
      "elementId": "4:85681329-f93a-4491-a67a-fd25c0ab48ef:2"
    }
  },
  {
    "n": {
      "identity": 3,
      "labels": [
        "Usuario"
      ],
      "properties": {
        "nome": "120",
        "id": 120
      },
      "elementId": "4:85681329-f93a-4491-a67a-fd25c0ab48ef:3"
    }
  },
  {
    "n": {
      "identity": 4,
      "labels": [
        "Usuario"
      ],
      "properties": {
        "nome": "121",
        "id": 121
      },
      "elementId": "4:85681329-f93a-4491-a67a-fd25c0ab48ef:4"
    }
  },
  {
    "n": {
      "identity": 27,
      "labels": [
        "Usuario"
      ],
      "properties": {
        "nome": "120",
        "id": 120
      },
      "elementId": "4:85681329-f93a-4491-a67a-fd25c0ab48ef:27"
    }
  },
  {
    "n": {
      "identity": 28,
      "labels": [
        "Usuario"
      ],
      "properties": {
        "nome": "121",
        "id": 121
      },
      "elementId": "4:85681329-f93a-4491-a67a-fd25c0ab48ef:28"
    }
  },
  {
    "n": {
      "identity": 29,
      "labels": [
        "Genero"
      ],
      "properties": {
        "nome": "Ação"
      },
      "elementId": "4:85681329-f93a-4491-a67a-fd25c0ab48ef:29"
    }
  },
  {
    "n": {
      "identity": 30,
      "labels": [
        "Genero"
      ],
      "properties": {
        "nome": "moba"
      },
      "elementId": "4:85681329-f93a-4491-a67a-fd25c0ab48ef:30"
    }
  },
  {
    "n": {
      "identity": 31,
      "labels": [
        "Game"
      ],
      "properties": {
        "nome": "Dying Light 2: Stay Human"
      },
      "elementId": "4:85681329-f93a-4491-a67a-fd25c0ab48ef:31"
    }
  },
  {
    "n": {
      "identity": 32,
      "labels": [
        "Game"
      ],
      "properties": {
        "nome": "Grand Theft Auto V"
      },
      "elementId": "4:85681329-f93a-4491-a67a-fd25c0ab48ef:32"
    }
  },
  {
    "n": {
      "identity": 33,
      "labels": [
        "Game"
      ],
      "properties": {
        "nome": "Far Cry 6"
      },
      "elementId": "4:85681329-f93a-4491-a67a-fd25c0ab48ef:33"
    }
  },
  {
    "n": {
      "identity": 34,
      "labels": [
        "Game"
      ],
      "properties": {
        "nome": "League of Legends"
      },
      "elementId": "4:85681329-f93a-4491-a67a-fd25c0ab48ef:34"
    }
  },
  {
    "n": {
      "identity": 35,
      "labels": [
        "Game"
      ],
      "properties": {
        "nome": "Outro jogo de ação"
      },
      "elementId": "4:85681329-f93a-4491-a67a-fd25c0ab48ef:35"
    }
  },
  {
    "n": {
      "identity": 36,
      "labels": [],
      "properties": {

      },
      "elementId": "4:85681329-f93a-4491-a67a-fd25c0ab48ef:36"
    }
  },
  {
    "n": {
      "identity": 37,
      "labels": [],
      "properties": {

      },
      "elementId": "4:85681329-f93a-4491-a67a-fd25c0ab48ef:37"
    }
  },
  {
    "n": {
      "identity": 38,
      "labels": [],
      "properties": {

      },
      "elementId": "4:85681329-f93a-4491-a67a-fd25c0ab48ef:38"
    }
  }
]