[{
  "_id": {
    "$oid": "686c7ed254a4086c6d5b04b8"
  },
  "usuarioID": "11111111-1111-1111-1111-111111111111",
  "usuario": "joaosilva",
  "pedido_id": "C123",
  "data_transacao": {
    "$date": "2024-07-01T14:01:00.000Z"
  },
  "valor": 249.8,
  "metodo": "cartao_credito",
  "status": "aprovada",
  "bandeira": "Visa",
  "parcelas": 3
},
{
  "_id": {
    "$oid": "686c7ed254a4086c6d5b04b9"
  },
  "usuarioID": "22222222-2222-2222-2222-222222222222",
  "usuario": "mariaoliveira",
  "pedido_id": "C124",
  "data_transacao": {
    "$date": "2024-07-01T14:11:00.000Z"
  },
  "valor": 27.9,
  "metodo": "pix",
  "status": "confirmada"
},
{
  "_id": {
    "$oid": "686c7ed254a4086c6d5b04ba"
  },
  "usuarioID": "33333333-3333-3333-3333-333333333333",
  "usuario": "pedrosouza",
  "pedido_id": "C125",
  "data_transacao": {
    "$date": "2024-07-01T15:01:00.000Z"
  },
  "valor": 39.9,
  "metodo": "boleto",
  "status": "aguardando"
},
{
  "_id": {
    "$oid": "686c7ed254a4086c6d5b04bb"
  },
  "usuarioID": "44444444-4444-4444-4444-444444444444",
  "usuario": "julianaribeiro",
  "pedido_id": "C126",
  "data_transacao": {
    "$date": "2024-07-01T15:31:00.000Z"
  },
  "valor": 19.9,
  "metodo": "cartao_credito",
  "status": "aprovada"
},
{
  "_id": {
    "$oid": "686c7ed254a4086c6d5b04bc"
  },
  "usuarioID": "55555555-5555-5555-5555-555555555555",
  "usuario": "lucasfernandes",
  "pedido_id": "C127",
  "data_transacao": {
    "$date": "2024-07-01T16:01:00.000Z"
  },
  "valor": 99.9,
  "metodo": "cartao_debito",
  "status": "aprovada"
},
{
  "_id": {
    "$oid": "686c7ed254a4086c6d5b04bd"
  },
  "usuarioID": "66666666-6666-6666-6666-666666666666",
  "usuario": "amandasilva",
  "pedido_id": "C128",
  "data_transacao": {
    "$date": "2024-07-01T16:31:00.000Z"
  },
  "valor": 49.9,
  "metodo": "pix",
  "status": "confirmada"
},
{
  "_id": {
    "$oid": "686c7ed254a4086c6d5b04be"
  },
  "usuarioID": "77777777-7777-7777-7777-777777777777",
  "usuario": "rafaelcosta",
  "pedido_id": "C129",
  "data_transacao": {
    "$date": "2024-07-01T17:01:00.000Z"
  },
  "valor": 79.9,
  "metodo": "cartao_credito",
  "status": "aprovada",
  "bandeira": "MasterCard",
  "parcelas": 2
},
{
  "_id": {
    "$oid": "686c7ed254a4086c6d5b04bf"
  },
  "usuarioID": "88888888-8888-8888-8888-888888888888",
  "usuario": "laisferreira",
  "pedido_id": "C130",
  "data_transacao": {
    "$date": "2024-07-01T17:31:00.000Z"
  },
  "valor": 19.9,
  "metodo": "pix",
  "status": "confirmada"
},
{
  "_id": {
    "$oid": "686c7ed254a4086c6d5b04c0"
  },
  "usuarioID": "99999999-9999-9999-9999-999999999999",
  "usuario": "gustavomelo",
  "pedido_id": "C131",
  "data_transacao": {
    "$date": "2024-07-01T18:01:00.000Z"
  },
  "valor": 29.9,
  "metodo": "cartao_credito",
  "status": "reembolsada",
  "bandeira": "Visa",
  "parcelas": 1
},
{
  "_id": {
    "$oid": "686c7ed254a4086c6d5b04c1"
  },
  "usuarioID": "aaaaaaaa-aaaa-aaaa-aaaa-aaaaaaaaaaaa",
  "usuario": "carolmachado",
  "pedido_id": "C132",
  "data_transacao": {
    "$date": "2024-07-01T18:31:00.000Z"
  },
  "valor": 29.8,
  "metodo": "boleto",
  "status": "aprovada"
}]