[{
  "_id": {
    "$oid": "686c7ec154a4086c6d5b04ac"
  },
  "usuarioID": "11111111-1111-1111-1111-111111111111",
  "usuario": "joaosilva",
  "nome": "João Silva",
  "email": "joaosilva@email.com",
  "preferencias": [
    "RPG",
    "Aventura"
  ],
  "plataformas": [
    "PC"
  ],
  "lista_desejos": [
    "Dark Souls 3",
    "Baldur's Gate 3"
  ],
  "avaliacoes": [
    {
      "jogo": "Elden Ring",
      "nota": 10,
      "comentario": "Fantástico"
    }
  ]
},
{
  "_id": {
    "$oid": "686c7ec154a4086c6d5b04ad"
  },
  "usuarioID": "22222222-2222-2222-2222-222222222222",
  "usuario": "mariaoliveira",
  "nome": "Maria Oliveira",
  "email": "maria@gmail.com",
  "preferencias": [
    "Fazenda",
    "Simulação"
  ],
  "plataformas": [
    "PC",
    "Switch"
  ],
  "lista_desejos": [
    "Animal Crossing"
  ],
  "avaliacoes": []
},
{
  "_id": {
    "$oid": "686c7ec154a4086c6d5b04ae"
  },
  "usuarioID": "33333333-3333-3333-3333-333333333333",
  "usuario": "pedrosouza",
  "nome": "Pedro Souza",
  "email": "pedro@gmail.com",
  "preferencias": [
    "Ação",
    "Plataforma"
  ],
  "plataformas": [
    "PlayStation"
  ],
  "lista_desejos": [
    "God of War Ragnarok"
  ],
  "avaliacoes": [
    {
      "jogo": "Hollow Knight",
      "nota": 9,
      "comentario": "Desafiador e lindo!"
    }
  ]
},
{
  "_id": {
    "$oid": "686c7ec154a4086c6d5b04af"
  },
  "usuarioID": "44444444-4444-4444-4444-444444444444",
  "usuario": "julianaribeiro",
  "nome": "Juliana Ribeiro",
  "email": "juliana@gmail.com",
  "preferencias": [
    "Indie",
    "Puzzle"
  ],
  "plataformas": [
    "PC"
  ],
  "lista_desejos": [],
  "avaliacoes": []
},
{
  "_id": {
    "$oid": "686c7ec154a4086c6d5b04b0"
  },
  "usuarioID": "55555555-5555-5555-5555-555555555555",
  "usuario": "lucasfernandes",
  "nome": "Lucas Fernandes",
  "email": "lucas@gmail.com",
  "preferencias": [
    "Sandbox"
  ],
  "plataformas": [
    "PC",
    "Xbox"
  ],
  "lista_desejos": [],
  "avaliacoes": []
},
{
  "_id": {
    "$oid": "686c7ec154a4086c6d5b04b1"
  },
  "usuarioID": "66666666-6666-6666-6666-666666666666",
  "usuario": "amandasilva",
  "nome": "Amanda Silva",
  "email": "amanda@gmail.com",
  "preferencias": [
    "Roguelike"
  ],
  "plataformas": [
    "Switch"
  ],
  "lista_desejos": [],
  "avaliacoes": [
    {
      "jogo": "Hades",
      "nota": 9,
      "comentario": "Viciante!"
    }
  ]
},
{
  "_id": {
    "$oid": "686c7ec154a4086c6d5b04b2"
  },
  "usuarioID": "77777777-7777-7777-7777-777777777777",
  "usuario": "rafaelcosta",
  "nome": "Rafael Costa",
  "email": "rafaelcosta@gmail.com",
  "preferencias": [
    "RPG",
    "Mundo Aberto"
  ],
  "plataformas": [
    "PC"
  ],
  "lista_desejos": [
    "The Witcher 4"
  ],
  "avaliacoes": []
},
{
  "_id": {
    "$oid": "686c7ec154a4086c6d5b04b3"
  },
  "usuarioID": "88888888-8888-8888-8888-888888888888",
  "usuario": "laisferreira",
  "nome": "Laís Ferreira",
  "email": "lais@gmail.com",
  "preferencias": [
    "Sobrevivência",
    "Indie"
  ],
  "plataformas": [
    "PC"
  ],
  "lista_desejos": [],
  "avaliacoes": []
},
{
  "_id": {
    "$oid": "686c7ec154a4086c6d5b04b4"
  },
  "usuarioID": "99999999-9999-9999-9999-999999999999",
  "usuario": "gustavomelo",
  "nome": "Gustavo Melo",
  "email": "gustavo@gmail.com",
  "preferencias": [
    "Multiplayer",
    "Battle Royale"
  ],
  "plataformas": [
    "Xbox"
  ],
  "lista_desejos": [],
  "avaliacoes": []
},
{
  "_id": {
    "$oid": "686c7ec154a4086c6d5b04b5"
  },
  "usuarioID": "aaaaaaaa-aaaa-aaaa-aaaa-aaaaaaaaaaaa",
  "usuario": "carolmachado",
  "nome": "Carol Machado",
  "email": "carol@gmail.com",
  "preferencias": [
    "2D",
    "Indie"
  ],
  "plataformas": [
    "PC",
    "Switch"
  ],
  "lista_desejos": [],
  "avaliacoes": []
}]