[{
  "_id": {
    "$oid": "686c7e6a54a4086c6d5b0493"
  },
  "usuarioID": "11111111-1111-1111-1111-111111111111",
  "usuario": "joaosilva",
  "data": {
    "$date": "2024-07-01T14:00:00.000Z"
  },
  "itens": [
    {
      "jogo": "Elden Ring",
      "preco": 199.9
    },
    {
      "jogo": "Hades",
      "preco": 49.9
    }
  ],
  "total": 249.8,
  "status": "concluída",
  "forma_pagamento": "cartao_credito"
},
{
  "_id": {
    "$oid": "686c7e6a54a4086c6d5b0494"
  },
  "usuarioID": "22222222-2222-2222-2222-222222222222",
  "usuario": "mariaoliveira",
  "data": {
    "$date": "2024-07-01T14:10:00.000Z"
  },
  "itens": [
    {
      "jogo": "Stardew Valley",
      "preco": 27.9
    }
  ],
  "total": 27.9,
  "status": "concluída",
  "forma_pagamento": "pix"
},
{
  "_id": {
    "$oid": "686c7e6a54a4086c6d5b0495"
  },
  "usuarioID": "33333333-3333-3333-3333-333333333333",
  "usuario": "pedrosouza",
  "data": {
    "$date": "2024-07-01T15:00:00.000Z"
  },
  "itens": [
    {
      "jogo": "Hollow Knight",
      "preco": 39.9
    }
  ],
  "total": 39.9,
  "status": "concluída",
  "forma_pagamento": "boleto"
},
{
  "_id": {
    "$oid": "686c7e6a54a4086c6d5b0496"
  },
  "usuarioID": "44444444-4444-4444-4444-444444444444",
  "usuario": "julianaribeiro",
  "data": {
    "$date": "2024-07-01T15:30:00.000Z"
  },
  "itens": [
    {
      "jogo": "Celeste",
      "preco": 19.9
    }
  ],
  "total": 19.9,
  "status": "pendente",
  "forma_pagamento": "cartao_credito"
},
{
  "_id": {
    "$oid": "686c7e6a54a4086c6d5b0497"
  },
  "usuarioID": "55555555-5555-5555-5555-555555555555",
  "usuario": "lucasfernandes",
  "data": {
    "$date": "2024-07-01T16:00:00.000Z"
  },
  "itens": [
    {
      "jogo": "Minecraft",
      "preco": 99.9
    }
  ],
  "total": 99.9,
  "status": "concluída",
  "forma_pagamento": "cartao_debito"
},
{
  "_id": {
    "$oid": "686c7e6a54a4086c6d5b0498"
  },
  "usuarioID": "66666666-6666-6666-6666-666666666666",
  "usuario": "amandasilva",
  "data": {
    "$date": "2024-07-01T16:30:00.000Z"
  },
  "itens": [
    {
      "jogo": "Hades",
      "preco": 49.9
    }
  ],
  "total": 49.9,
  "status": "concluída",
  "forma_pagamento": "pix"
},
{
  "_id": {
    "$oid": "686c7e6a54a4086c6d5b0499"
  },
  "usuarioID": "77777777-7777-7777-7777-777777777777",
  "usuario": "rafaelcosta",
  "data": {
    "$date": "2024-07-01T17:00:00.000Z"
  },
  "itens": [
    {
      "jogo": "The Witcher 3",
      "preco": 79.9
    }
  ],
  "total": 79.9,
  "status": "concluída",
  "forma_pagamento": "cartao_credito"
},
{
  "_id": {
    "$oid": "686c7e6a54a4086c6d5b049a"
  },
  "usuarioID": "88888888-8888-8888-8888-888888888888",
  "usuario": "laisferreira",
  "data": {
    "$date": "2024-07-01T17:30:00.000Z"
  },
  "itens": [
    {
      "jogo": "Don’t Starve",
      "preco": 19.9
    }
  ],
  "total": 19.9,
  "status": "concluída",
  "forma_pagamento": "pix"
},
{
  "_id": {
    "$oid": "686c7e6a54a4086c6d5b049b"
  },
  "usuarioID": "99999999-9999-9999-9999-999999999999",
  "usuario": "gustavomelo",
  "data": {
    "$date": "2024-07-01T18:00:00.000Z"
  },
  "itens": [
    {
      "jogo": "Fall Guys",
      "preco": 29.9
    }
  ],
  "total": 29.9,
  "status": "reembolsada",
  "forma_pagamento": "cartao_credito"
},
{
  "_id": {
    "$oid": "686c7e6a54a4086c6d5b049c"
  },
  "usuarioID": "aaaaaaaa-aaaa-aaaa-aaaa-aaaaaaaaaaaa",
  "usuario": "carolmachado",
  "data": {
    "$date": "2024-07-01T18:30:00.000Z"
  },
  "itens": [
    {
      "jogo": "Terraria",
      "preco": 19.9
    },
    {
      "jogo": "Limbo",
      "preco": 9.9
    }
  ],
  "total": 29.8,
  "status": "concluída",
  "forma_pagamento": "boleto"
}]